# Name,     Type, SubType,  Offset,   Size
# 16 MB flash layout used by partitions_c3_16m.bin (ESP32-C3).
# Same numeric layout as s3_16m.csv - the partition table format doesn't
# depend on chip family, only on flash size.
nvs,        data, nvs,      0x9000,   0x5000
otadata,    data, ota,      0xe000,   0x2000
app0,       app,  ota_0,    0x10000,  0x300000
app1,       app,  ota_1,    0x310000, 0x300000
spiffs,     data, spiffs,   0x610000, 0x9e0000
coredump,   data, coredump, 0xff0000, 0x10000
